{"2019_我的(自)闭包 (雾).md":"508eaf4d","2021_input标签中文输入法预输入问题的处理.md":"41623a1d","demo1_index.md":"949af2f9","2020_intersection observer api.md":"9f12275e","2020_逮住dropdown的尾巴.md":"9a1a54d0","2022_公司项目复盘.md":"c866fdd1","2023_从stateofjs2022了解到的js新特性.md":"bdbaf415","2021_做了一个绘图批注的轮子.md":"eccc52e6","2022_前端错误监控解决方案.md":"a42ddce9","index.md":"3d9e1b56","2020_在_textarea_中highlight文字吧.md":"3297588e","2020_记一次的table动态显示的奇葩需求.md":"07bd2304","2020_nuxt.js 踩坑记录.md":"a5c1f73d","2020_搞了个接头霸王.md":"1818e3b7","2019_早期笔记.md":"2052ac54","2021_一个对象结构嵌套覆盖的问题.md":"112ab219","2019_函数的节流和防抖.md":"e4ce6bc9","2021_js类实现私有变量的各种方法.md":"f01157c4","2021_前端工程化的处理.md":"87c9f31a","2021_从vue2迁移到vue3_我需要注意什么.md":"13e3c2b7","2019_vue事件传递.md":"7f9be33c","2020_常见的数据结构(三).md":"9082f4ac","2019_一些问题.md":"c491a6f1","2020_常见的数据结构(二).md":"17fb8b67","2020_常见的数据结构(一).md":"989f6a7c"}
